area_osm_buildings,area_igm_buildings,area_osm_in_igm_buildings,osm_in_igm_streets_length,osm_streets_length,igm_streets_length,province,region
32276.146161273635,58.72740712207759,29141.51772699066,23.263254583195955,26102.691097517414,24664.810824711123,Perugia,Umbria
7085.357319625918,14.49599012469006,339.4135473001515,1.7656199612642887,1843.5035699936493,4251.947460096338,Crotone,Calabria
155783.16972218215,164.23086099988257,151962.14031995882,26.837397215185465,33241.880601661345,33733.25582892659,Roma,Lazio
23654.42226660019,24.508334870309838,20757.849769780445,12.296778097683099,13785.943198959067,17592.487119268066,Arezzo,Toscana
7707.582503980517,16.405719291774098,7601.347622641735,8.818032278953407,9750.561988939497,13039.163098902001,Rieti,Lazio
86073.81323348983,75.97125895141794,75961.94647038761,19.563466255987656,22138.06792240791,22738.824925908975,Lecce,Puglia
40208.890826204086,35.90514616454316,35592.909696802904,14.644961880374606,15671.999302687454,28846.42793285259,Foggia,Puglia
33621.53680073069,30.643736305012723,30789.190765066083,9.903616273741724,10972.94197571184,13105.222449612062,Brindisi,Puglia
69357.22470248197,17.144599461009086,58710.92191645278,12.736210966434305,13574.586578046763,20106.39119491499,Grosseto,Toscana
40839.66196342791,23.797328031756823,22154.360700110432,6.008331492534959,6663.014649957532,8980.315961943608,Cagliari,Sardegna
36942.51522783848,37.02224265152277,33691.26777496233,23.45948044003655,25161.093805403907,33100.52639760015,Sud Sardegna,Sardegna
19236.083798197975,17.77015125309474,14239.038697522676,5.980707034076636,7678.072391057131,6880.106784972399,Livorno,Toscana
13672.72674970465,52.49239974361656,13685.004493720238,10.192523716805576,11385.299677580764,15610.48006323241,Frosinone,Lazio
11135.741424212016,52.61020769659268,10151.704175378878,17.749265232920447,18886.679223000363,44309.45738247446,Cosenza,Calabria
42371.68275815421,61.3740033981949,43594.7013576499,13.244927425369127,15312.380582272232,19384.545025081094,Catania,Sicilia
12406.609190114808,19.9045622476175,11360.976759763602,5.883044653031721,6928.147789651323,7426.663600107557,Pescara,Abruzzo
16203.88928748518,15.691882904677627,12862.147308957452,2.280060428266562,2889.9146035453387,2632.4379774427944,Prato,Toscana
9976.025323697046,27.31895006395729,9266.246617646113,7.887844468550466,8668.489637170536,10714.356120933604,Teramo,Abruzzo
11678.106294756495,36.59506087958801,11270.564663031555,8.531252193451051,9324.929097046921,14651.457184941659,Trapani,Sicilia
18331.72641069391,17.12236049551405,16783.83209073221,4.900957486797368,5275.808556479999,8861.27831420682,Barletta-Andria-Trani,Puglia
71277.2302475328,66.29359206073467,53828.57193717907,16.370932716088298,17830.930708025375,16578.7297473672,Bari,Puglia
16281.371055508649,26.089516040511153,14172.641444734276,9.781661878547002,11566.903850459817,11385.471768679976,Macerata,Marche
20224.81672428331,63.33362787733806,17288.84710261759,17.508149496658177,18928.256398369038,33913.25250891597,Salerno,Campania
104901.52819705963,103.53912932640547,99081.98041749255,9.626841266735962,11565.49727353763,12775.001937223158,Napoli,Campania
16024.530585009996,27.146310742857537,13637.215949507994,9.202021814868434,10621.827896705285,13887.407564461131,Pesaro e Urbino,Marche
14844.994261439873,27.69902223128565,12491.08901315516,7.226418124171474,8493.599219815964,8700.948254300049,Ragusa,Sicilia
30694.260121810166,31.00375566319763,14682.47327215061,9.656308074896163,10183.061497857452,12479.530588760948,Lucca,Toscana
8449.22287633803,27.01175291240333,8430.448664088191,7.649711949505342,8202.434841693657,17925.66115489196,Catanzaro,Calabria
53881.12868145832,50.97634428314679,40274.11617256308,16.19150570429854,20247.261306302422,19592.59783604552,Firenze,Toscana
14763.744871467836,32.514698647241325,15000.524792698156,10.665828489115071,11351.433782489921,18245.409905680244,Agrigento,Sicilia
19679.863202941346,38.63228759718362,16640.433430273915,10.064184718374515,10959.046773876007,23123.050277469258,Reggio di Calabria,Calabria
2893.3366606339,8.006844671260925,2077.4291229952973,4.495302996552554,4823.108560239264,5106.14836607971,Isernia,Molise
20758.265854702942,41.75120997901729,1143.5258111029043,12.364466838459395,13481.921942968465,20531.445485691373,Messina,Sicilia
21369.479812726462,31.82728498408124,18812.578981668597,8.289089075939037,9640.594362647238,9980.475758081891,Ancona,Marche
8632.665534213322,15.101300016741892,8585.488117977091,8.731125742122051,9226.816192634467,15983.752816329014,Matera,Basilicata
6919.851629755365,14.064759193285472,5802.339648332286,4.237160345632321,5211.4887583431955,4771.693977806262,Ascoli Piceno,Marche
12118.609582872497,17.003442616044957,5947.269076968309,6.706331118313196,7341.528735556794,10224.415491681044,Caltanissetta,Sicilia
20271.23620822093,21.74248207804285,15814.23932397996,13.363319938128145,14084.791903098807,20896.091381676364,Siena,Toscana
41429.42373770892,37.922920824475064,38342.06064691301,9.881838551954429,10987.780013404014,13336.21941291249,Taranto,Puglia
35524.864924406626,42.80944280058948,24425.62425801082,8.11710654726164,9673.583228859206,11670.63785178999,Latina,Lazio
14076.601052822343,30.404431279670508,12866.035970021841,15.602028989081134,17226.734117344768,22003.741324548933,L'Aquila,Abruzzo
13782.17254832054,12.59380076228465,12846.48427053503,4.883244655009478,5591.7418157246575,6482.888430354746,Massa Carrara,Toscana
2554.454158529146,11.873961394991735,2145.7730165300477,3.1158939181467415,3728.3070741499478,3816.0117735699005,Fermo,Marche
13452.693288111603,35.790028353615696,2833.6664115754215,3.6156244104878277,3768.8036897026163,11110.678060233944,Potenza,Basilicata
19661.804509187947,27.364239529298743,17400.73457242843,8.683170203852363,9939.2985028277,11790.216731248156,Siracusa,Sicilia
5698.645976503142,27.118003415179853,5604.02224476263,8.18077041440532,8907.813183271652,12623.589632944148,Benevento,Campania
12098.446124836677,32.66938824924336,10527.376831782618,10.666231326692644,11721.049849363066,16079.516214466514,Chieti,Abruzzo
29149.00088361611,28.291731349459834,23110.52447197012,9.788099171188291,11367.41464356688,12590.364198663141,Pisa,Toscana
9923.38848446689,37.546451205349335,113.82249068044516,9.450241881235717,10038.020072005853,16424.207341308087,Avellino,Campania
28116.053374942494,59.90751654014326,28751.640538712214,15.74091374103773,16873.98541207784,26051.526945866626,Palermo,Sicilia
7094.333787052033,17.677401359277926,6294.384388263533,6.757532699695135,7524.728681508331,7375.252957815443,Terni,Umbria
18786.940787939988,19.093506579466997,18014.0966709833,12.018019168658467,12873.806372060268,15976.764762392715,Oristano,Sardegna
9718.209693858784,18.58057227754895,7914.0981349181175,8.937041705663725,9552.795817166592,11901.52267646445,Campobasso,Molise
15084.743970078893,19.554751374474872,13789.885202350293,13.598620957296356,14959.067099291133,26357.911944339477,Nuoro,Sardegna
23266.505652974236,18.252261486678993,14683.856856772334,5.521753618192441,6382.713626549104,7083.94865081943,Pistoia,Toscana
12169.123635307787,64.52592293887503,11860.330458354176,10.164037329098099,11212.693151419004,16467.19194921455,Caserta,Campania
28900.452674662505,40.73879373950299,18197.80587189407,14.111968447309483,15171.067227009391,37122.313402130014,Sassari,Sardegna
16339.34110351817,29.589419842558627,16388.201625257872,9.646916881008398,10732.72533578145,15971.1733441873,Viterbo,Lazio
4897.511263176568,15.136237996669298,4117.995262807714,3.9663704203572117,4187.415811052677,7998.338295576115,Vibo Valentia,Calabria
